식품명,대표식품코드,대표식품명,식품중분류코드,식품소분류코드,에너지(kcal),단백질(g),당류(g),나트륨(mg),포화지방산(g),카페인(mg),업체명
과ㆍ채주스_골드키위 주스,20716,과ㆍ채주스,2071600,207160000,58,0.18,13.53,5,0.0,0.0,이디야
과ㆍ채주스_기운내라임 병음료,20716,과ㆍ채주스,2071600,207160000,47,0.53,11.58,3,0.0,0.0,스타벅스
과ㆍ채주스_놀라운망고,20716,과ㆍ채주스,2071600,207160000,32,0.03,8.03,0,0.03,0.0,커피에반하다
과ㆍ채주스_놀라운청포도,20716,과ㆍ채주스,2071600,207160000,32,0.01,8.88,0,0.03,0.0,커피에반하다
과ㆍ채주스_놀라운패션후르츠,20716,과ㆍ채주스,2071600,207160000,31,0.01,8.25,0,0.03,0.0,커피에반하다
과ㆍ채주스_딸기 주스,20716,과ㆍ채주스,2071600,207160000,36,0.96,2.41,0,0.0,0.0,토프레소
과ㆍ채주스_딸기바나나 주스,20716,과ㆍ채주스,2071600,207160000,41,0.76,5.31,5,0.24,0.0,메가커피
과ㆍ채주스_딸기 주스 병음료,20716,과ㆍ채주스,2071600,207160000,58,0.0,13.16,16,0.0,0.0,스타벅스
과ㆍ채주스_딸기 주스,20716,과ㆍ채주스,2071600,207160000,27,0.17,3.86,0,0.0,0.0,메가커피
과ㆍ채주스_딸기 주스,20716,과ㆍ채주스,2071600,207160000,63,0.42,14.31,1,0.0,0.0,이디야
과ㆍ채주스_딸기 주스,20716,과ㆍ채주스,2071600,207160000,90,0.28,20.85,7,0.0,0.0,커피에반하다
과ㆍ채주스_리얼 수박 주스,20716,과ㆍ채주스,2071600,207160000,45,0.48,8.92,1,0.0,0.0,토프레소
과ㆍ채주스_리얼수박 주스,20716,과ㆍ채주스,2071600,207160000,31,0.56,6.48,5,0.0,0.0,커피에반하다
과ㆍ채주스_망고 주스 (J),20716,과ㆍ채주스,2071600,207160000,27,0.15,5.07,5,0.0,0.0,공차
과ㆍ채주스_망고 주스 (L),20716,과ㆍ채주스,2071600,207160000,27,0.0,5.07,5,0.0,0.0,공차
과ㆍ채주스_망고 주스,20716,과ㆍ채주스,2071600,207160000,45,0.0,9.4,9,0.0,0.0,토프레소
과ㆍ채주스_망고 주스 병음료,20716,과ㆍ채주스,2071600,207160000,62,0.53,12.11,8,0.0,0.0,스타벅스
과ㆍ채주스_밀싹 케일 주스,20716,과ㆍ채주스,2071600,207160000,29,0.24,5.3,4,0.0,0.0,토프레소
과ㆍ채주스_비트 사과 주스,20716,과ㆍ채주스,2071600,207160000,31,0.24,5.54,7,0.0,0.0,토프레소
과ㆍ채주스_생과일 수박 주스,20716,과ㆍ채주스,2071600,207160000,33,0.48,5.56,6,0.0,0.0,이디야
과ㆍ채주스_생과일 토마토 주스,20716,과ㆍ채주스,2071600,207160000,31,0.48,5.07,9,0.0,0.0,이디야
과ㆍ채주스_수박머스캣 소다,20716,과ㆍ채주스,2071600,207160000,66,0.0,11.33,0,0.0,0.0,토프레소
과ㆍ채주스_수박 주스,20716,과ㆍ채주스,2071600,207160000,25,0.24,4.67,3,0.02,0.0,메가커피
과ㆍ채주스_수박파인 펀치,20716,과ㆍ채주스,2071600,207160000,73,0.48,13.25,1,0.0,0.0,토프레소
과ㆍ채주스_오곡바나나 주스,20716,과ㆍ채주스,2071600,207160000,68,1.91,3.79,9,0.59,0.0,메가커피
과ㆍ채주스_완전딸기 주스,20716,과ㆍ채주스,2071600,207160000,36,0.32,6.88,1,0.0,0.0,빽다방
과ㆍ채주스_완전망고 주스,20716,과ㆍ채주스,2071600,207160000,39,0.32,5.92,1,0.0,0.0,빽다방
과ㆍ채주스_토마토 주스 병음료,20716,과ㆍ채주스,2071600,207160000,37,0.53,8.42,63,0.0,0.0,스타벅스
과ㆍ채주스_파이팅 청귤 병음료,20716,과ㆍ채주스,2071600,207160000,50,0.53,11.58,3,0.0,0.0,스타벅스
과ㆍ채주스_파인 자몽 주스,20716,과ㆍ채주스,2071600,207160000,25,0.24,4.34,57,0.0,0.0,토프레소
과ㆍ채주스_한라봉주스 병음료,20716,과ㆍ채주스,2071600,207160000,41,0.26,8.42,5,0.0,0.0,스타벅스
과ㆍ채주스_한방에 쭉 감당 병음료,20716,과ㆍ채주스,2071600,207160000,53,0.53,12.11,5,0.0,0.0,스타벅스
과ㆍ채주스_햇사과 주스 병음료,20716,과ㆍ채주스,2071600,207160000,59,0.11,14.21,5,0.0,0.0,스타벅스
과ㆍ채주스_홍시 주스,20716,과ㆍ채주스,2071600,207160000,57,0.12,13.77,7,0.0,0.0,이디야
과ㆍ채주스_딸기 바나나 주스,20716,과ㆍ채주스,2071600,207160000,68,1.69,11.48,19,0.89,0.0,블루샥
과ㆍ채주스_딸기 주스,20716,과ㆍ채주스,2071600,207160000,34,0.2,7.59,0,0.0,0.0,팔공티
과ㆍ채주스_딸기 주스 (R),20716,과ㆍ채주스,2071600,207160000,54,0.35,12.83,0,0.02,0.0,커피:니
과ㆍ채주스_리얼 수박 주스,20716,과ㆍ채주스,2071600,207160000,36,0.3,8.29,2,0.0,0.0,블루샥
과ㆍ채주스_망고 주스,20716,과ㆍ채주스,2071600,207160000,94,0.13,9.81,7,0.11,0.0,팔공티
과ㆍ채주스_망고 주스 (R),20716,과ㆍ채주스,2071600,207160000,56,0.2,11.7,0,0.03,0.0,커피:니
과ㆍ채주스_바나나 주스,20716,과ㆍ채주스,2071600,207160000,61,1.78,8.25,16,0.99,0.0,청자다방
과ㆍ채주스_자몽 주스,20716,과ㆍ채주스,2071600,207160000,24,0.0,5.35,9,0.0,0.0,달콤
과ㆍ채주스_자몽 주스 (R),20716,과ㆍ채주스,2071600,207160000,26,0.13,6.13,1,0.0,0.0,커피:니
과ㆍ채주스_키위 주스,20716,과ㆍ채주스,2071600,207160000,32,0.52,5.87,5,0.01,0.0,청자다방
과ㆍ채주스_키위 주스 (R),20716,과ㆍ채주스,2071600,207160000,92,0.35,21.85,1,0.01,0.0,커피:니
과ㆍ채주스_토마토 주스,20716,과ㆍ채주스,2071600,207160000,21,0.61,3.77,5,0.02,0.0,청자다방
과ㆍ채주스_한라봉 주스 (R),20716,과ㆍ채주스,2071600,207160000,45,0.08,9.23,0,0.13,0.0,커피:니
귤차_제주청귤 블라썸 핫(HOT),20717,귤차,2071700,207170000,49,0.14,11.02,1,0.02,0.0,이디야
귤차_제주청귤 오리지널 핫(HOT),20717,귤차,2071700,207170000,53,0.11,12.27,1,0.02,0.0,이디야
귤차_제주청귤차,20717,귤차,2071700,207170000,35,0.17,7.29,15,0.0,0.0,청자다방
귤차_청귤블랙티 아이스(ICED) (L),20717,귤차,2071700,207170000,25,0.07,5.87,0,0.0,0.0,아임일리터
귤차_청귤블랙티 아이스(ICED) (M),20717,귤차,2071700,207170000,27,0.08,6.26,0,0.0,0.0,아임일리터
귤차_청귤블랙티 핫(HOT) (L),20717,귤차,2071700,207170000,25,0.07,5.87,0,0.0,0.0,아임일리터
귤차_청귤블랙티 핫(HOT) (M),20717,귤차,2071700,207170000,27,0.08,6.26,0,0.0,0.0,아임일리터
귤차_청귤차 아이스(ICED) (L),20717,귤차,2071700,207170000,25,0.07,5.87,0,0.0,0.0,아임일리터
귤차_청귤차 아이스(ICED) (M),20717,귤차,2071700,207170000,27,0.08,6.26,0,0.0,0.0,아임일리터
귤차_청귤차 핫(HOT) (L),20717,귤차,2071700,207170000,25,0.07,5.87,0,0.0,0.0,아임일리터
귤차_청귤차 핫(HOT) (M),20717,귤차,2071700,207170000,27,0.08,6.26,0,0.0,0.0,아임일리터
기타음료_라임 모히또,20718,기타음료,2071800,207180000,39,0.07,6.45,1,0.0,0.0,메가커피
기타음료_스타벅스 슬래머 (Grande),20718,기타음료,2071800,207180000,50,0.0,11.63,0,0.0,0.0,스타벅스
기타음료_미초 아이스(ICED),20718,기타음료,2071800,207180000,25,0.17,6.0,2,0.01,0.0,빽다방
기타음료_자몽 모히또,20718,기타음료,2071800,207180000,38,0.11,6.08,1,0.0,0.0,메가커피
기타음료_청포도 모히또,20718,기타음료,2071800,207180000,39,0.07,7.28,1,0.0,0.0,메가커피
기타음료_청포도플라워 아이스(ICED),20718,기타음료,2071800,207180000,40,0.0,9.45,1,0.0,0.0,빽다방
기타음료_논알콜 하이볼,20718,기타음료,2071800,207180000,38,0.08,8.18,2,0.0,0.0,블루샥
기타차_깔라만시,20719,기타차,2071900,207190000,32,0.0,7.32,0,0.0,0.0,커피에반하다
기타차_딸기티 아이스(ICED),20719,기타차,2071900,207190000,82,0.06,19.72,3,0.0,0.0,커피에반하다
기타차_딸기티 핫(HOT),20719,기타차,2071900,207190000,82,0.06,19.72,3,0.0,0.0,커피에반하다
기타차_샤인머스캣 티플레저,20719,기타차,2071900,207190000,29,0.07,5.33,17,0.0,0.0,메가커피
기타차_석류 오리지널 핫(HOT),20719,기타차,2071900,207190000,43,0.0,7.49,2,0.02,0.0,이디야
기타차_제주당근오렌지티플레저 아이스(ICED),20719,기타차,2071900,207190000,38,0.1,4.82,27,0.0,0.0,메가커피
기타차_카페오르조,20719,기타차,2071900,207190000,10,0.28,0.0,0,0.0,0.0,커피에반하다
기타차_폼폼 민트티 (Grande),20719,기타차,2071900,207190000,44,0.0,8.88,1,0.0,0.0,스타벅스
기타차_딸기차 아이스(ICED) (L),20719,기타차,2071900,207190000,32,0.06,7.61,1,0.0,0.0,아임일리터
기타차_딸기차 아이스(ICED) (M),20719,기타차,2071900,207190000,32,0.07,7.56,1,0.0,0.0,아임일리터
기타차_딸기차 핫(HOT) (L),20719,기타차,2071900,207190000,32,0.06,7.61,1,0.0,0.0,아임일리터
기타차_딸기차 핫(HOT) (M),20719,기타차,2071900,207190000,32,0.07,7.56,1,0.0,0.0,아임일리터
기타차_레몬진저 캐모마일 아이스(ICED),20719,기타차,2071900,207190000,21,0.21,3.81,1,0.0,0.0,달콤
기타차_레몬진저 캐모마일 핫(HOT),20719,기타차,2071900,207190000,21,0.21,3.81,1,0.0,0.0,달콤
기타차_레몬페퍼민트티 아이스(ICED),20719,기타차,2071900,207190000,25,0.05,5.04,0,0.0,0.0,바나프레소
기타차_레몬페퍼민트티 핫(HOT),20719,기타차,2071900,207190000,33,0.07,6.55,0,0.0,0.0,바나프레소
기타차_매실차 아이스(ICED) (L),20719,기타차,2071900,207190000,30,0.0,5.87,0,0.0,0.0,아임일리터
기타차_매실차 아이스(ICED) (M),20719,기타차,2071900,207190000,29,0.0,5.63,0,0.0,0.0,아임일리터
기타차_매실차 핫(HOT) (L),20719,기타차,2071900,207190000,30,0.0,5.87,0,0.0,0.0,아임일리터
기타차_매실차 핫(HOT) (M),20719,기타차,2071900,207190000,29,0.0,5.63,0,0.0,0.0,아임일리터
기타차_샹그리아 프루티 아이스(ICED),20719,기타차,2071900,207190000,38,0.06,8.84,2,0.0,0.0,블루샥
기타차_샹그리아 프루티 핫(HOT),20719,기타차,2071900,207190000,44,0.08,9.89,3,0.0,0.0,블루샥
기타차_유자 엘더베리 아이스(ICED),20719,기타차,2071900,207190000,41,0.21,7.82,12,0.0,0.0,달콤
기타차_유자 엘더베리 핫(HOT),20719,기타차,2071900,207190000,41,0.21,7.82,12,0.0,0.0,달콤
기타차_자몽히비스커스티 아이스(ICED),20719,기타차,2071900,207190000,19,0.1,4.65,1,0.0,0.0,바나프레소
기타차_자몽히비스커스티 핫(HOT),20719,기타차,2071900,207190000,25,0.13,6.05,1,0.0,0.0,바나프레소
기타차_작설차,20719,기타차,2071900,207190000,1,0.17,0.0,1,0.0,0.0,청자다방
기타차_체리석류 (L),20719,기타차,2071900,207190000,3,0.0,0.0,0,0.0,0.0,아임일리터
기타차_체리석류 (M),20719,기타차,2071900,207190000,2,0.0,0.0,0,0.0,0.0,아임일리터
기타차_캐모마일리치티 아이스(ICED),20719,기타차,2071900,207190000,28,0.0,6.75,1,0.0,0.0,바나프레소
기타차_캐모마일리치티 핫(HOT),20719,기타차,2071900,207190000,36,0.01,8.78,2,0.0,0.0,바나프레소
기타차_피치망고 (L),20719,기타차,2071900,207190000,1,0.0,0.0,0,0.0,0.0,아임일리터
기타차_피치망고 (M),20719,기타차,2071900,207190000,1,0.0,0.0,0,0.0,0.0,아임일리터
기타차_한라봉차 (L),20719,기타차,2071900,207190000,35,0.05,7.18,0,0.1,0.0,커피:니
기타차_한라봉차 (R),20719,기타차,2071900,207190000,45,0.08,9.23,0,0.13,0.0,커피:니
대추차_사과 대추차,20722,대추차,2072200,207220000,30,0.0,6.49,3,0.0,0.0,토프레소
대추차_대추차 아이스(ICED) (L),20722,대추차,2072200,207220000,53,0.0,11.73,5,0.0,0.0,아임일리터
대추차_대추차 아이스(ICED) (M),20722,대추차,2072200,207220000,56,0.0,12.55,5,0.0,0.0,아임일리터
대추차_대추차 핫(HOT) (L),20722,대추차,2072200,207220000,53,0.0,11.73,5,0.0,0.0,아임일리터
대추차_대추차 핫(HOT) (M),20722,대추차,2072200,207220000,56,0.0,12.55,5,0.0,0.0,아임일리터
라떼_고구마 라떼 아이스(ICED),20723,라떼,2072300,207230000,79,1.76,8.23,25,1.21,0.0,이디야
라떼_고구마 라떼 아이스(ICED),20723,라떼,2072300,207230000,81,1.69,8.67,24,1.2,0.0,토프레소
라떼_고구마 라떼 핫(HOT),20723,라떼,2072300,207230000,79,1.76,8.23,25,1.21,0.0,이디야
라떼_고구마 라떼 핫(HOT),20723,라떼,2072300,207230000,88,1.82,9.35,26,1.3,0.0,토프레소
라떼_고구마 라떼 아이스(ICED),20723,라떼,2072300,207230000,42,1.1,3.65,12,0.64,0.0,메가커피
라떼_고구마 라떼 핫(HOT),20723,라떼,2072300,207230000,53,1.61,3.18,16,0.85,0.0,메가커피
라떼_곡물 라떼 아이스(ICED),20723,라떼,2072300,207230000,66,2.71,4.45,15,0.86,0.0,메가커피
라떼_곡물 라떼 핫(HOT),20723,라떼,2072300,207230000,66,2.79,2.59,16,0.91,0.0,메가커피
라떼_곶감 라떼 아이스(ICED),20723,라떼,2072300,207230000,48,2.25,7.04,23,1.13,0.0,커피에반하다
라떼_곶감 라떼 핫(HOT),20723,라떼,2072300,207230000,52,2.25,7.32,25,1.13,0.0,커피에반하다
라떼_꿀 딸기 라떼,20723,라떼,2072300,207230000,49,1.18,5.55,13,0.5,0.0,토프레소
라떼_꿀 망고 라떼,20723,라떼,2072300,207230000,57,0.84,9.58,16,0.5,0.0,토프레소
라떼_꿀 복숭아 라떼,20723,라떼,2072300,207230000,54,0.84,8.74,15,0.5,0.0,토프레소
라떼_꿀 자몽 라떼,20723,라떼,2072300,207230000,66,0.84,10.76,13,0.5,0.0,토프레소
라떼_달고나 라떼 아이스(ICED),20723,라떼,2072300,207230000,64,1.45,9.24,30,1.07,0.0,이디야
라떼_달고나 라떼 핫(HOT),20723,라떼,2072300,207230000,67,1.45,9.9,33,1.04,0.0,이디야
라떼_도넛파티 라떼,20723,라떼,2072300,207230000,181,2.03,22.34,13,4.57,0.0,커피에반하다
라떼_딸기 라떼 아이스(ICED),20723,라떼,2072300,207230000,62,0.98,8.0,8,0.51,0.0,메가커피
라떼_마카롱파티 라떼,20723,라떼,2072300,207230000,229,2.54,12.01,17,13.03,0.0,커피에반하다
라떼_민트초코 라떼 아이스(ICED),20723,라떼,2072300,207230000,71,1.86,6.14,30,1.57,0.0,빽다방
라떼_민트초코 라떼 핫(HOT),20723,라떼,2072300,207230000,127,3.38,17.85,58,3.38,0.0,빽다방
라떼_밀크티 라떼 아이스(ICED),20723,라떼,2072300,207230000,56,1.69,7.63,27,1.19,0.0,할리스
라떼_밀크티 라떼 핫(HOT),20723,라떼,2072300,207230000,72,2.54,9.04,40,1.78,0.0,할리스
라떼_버블흑당 라떼,20723,라떼,2072300,207230000,64,0.97,9.42,19,0.77,0.0,이디야
라떼_블랙펄 라떼 아이스(ICED),20723,라떼,2072300,207230000,63,1.28,8.13,17,1.12,0.0,빽다방
라떼_생딸기 라떼,20723,라떼,2072300,207230000,52,1.21,6.76,18,0.8,0.0,이디야
라떼_슈파티 라떼,20723,라떼,2072300,207230000,127,2.54,10.32,17,4.57,0.0,커피에반하다
라떼_우리 고구마 라떼 아이스(ICED),20723,라떼,2072300,207230000,67,1.69,7.34,30,1.33,0.0,할리스
라떼_우리 고구마 라떼 핫(HOT),20723,라떼,2072300,207230000,93,2.54,10.17,42,1.84,0.0,할리스
라떼_이곡 라떼 아이스(ICED),20723,라떼,2072300,207230000,57,2.11,5.9,22,1.02,0.0,이디야
라떼_이곡 라떼 핫(HOT),20723,라떼,2072300,207230000,67,2.62,6.66,31,1.4,0.0,이디야
라떼_제주 까망 라떼 아이스(ICED) (Grande),20723,라떼,2072300,207230000,93,2.11,9.51,44,2.33,0.0,스타벅스
라떼_제주 까망 라떼 핫(HOT) (Grande),20723,라떼,2072300,207230000,94,2.75,10.36,53,1.48,0.0,스타벅스
라떼_제주 쑥쑥 라떼 핫(HOT) (Grande),20723,라떼,2072300,207230000,90,3.38,10.57,44,1.9,0.0,스타벅스
라떼_초코 라떼 아이스(ICED),20723,라떼,2072300,207230000,62,1.6,8.96,20,1.12,0.0,빽다방
라떼_초코 라떼 핫(HOT),20723,라떼,2072300,207230000,105,2.77,13.85,33,1.85,0.0,빽다방
라떼_카카오 라떼 아이스(ICED),20723,라떼,2072300,207230000,60,2.82,7.04,29,1.41,0.0,커피에반하다
라떼_카카오 라떼 핫(HOT),20723,라떼,2072300,207230000,60,2.82,7.04,29,1.41,0.0,커피에반하다
라떼_토피넛 라떼 아이스(ICED),20723,라떼,2072300,207230000,83,1.69,6.99,57,1.2,0.0,토프레소
라떼_토피넛 라떼 핫(HOT),20723,라떼,2072300,207230000,90,1.82,7.53,61,1.3,0.0,토프레소
라떼_화이트 초콜릿 아이스(ICED) (EX),20723,라떼,2072300,207230000,66,1.39,6.86,26,2.49,0.0,이디야
라떼_화이트 초콜릿 아이스(ICED),20723,라떼,2072300,207230000,77,1.28,7.39,33,3.75,0.0,이디야
라떼_화이트 초콜릿 핫(HOT) (EX),20723,라떼,2072300,207230000,84,2.26,8.18,40,3.14,0.0,이디야
라떼_화이트 초콜릿 핫(HOT),20723,라떼,2072300,207230000,83,1.77,7.93,41,3.72,0.0,이디야
라떼_흑당 라떼 아이스(ICED),20723,라떼,2072300,207230000,54,1.4,5.69,18,0.88,0.0,메가커피
라떼_흑당 라떼 아이스(ICED),20723,라떼,2072300,207230000,60,1.23,9.99,22,0.97,0.0,이디야
라떼_흑당 라떼 핫(HOT),20723,라떼,2072300,207230000,59,1.21,9.9,21,0.92,0.0,이디야
라떼_흑당버블 라떼 아이스(ICED),20723,라떼,2072300,207230000,54,1.22,4.6,18,0.69,0.0,메가커피
라떼_흑호 라떼,20723,라떼,2072300,207230000,60,2.25,8.73,23,1.13,0.0,커피에반하다
라떼_고구마 라떼 아이스(ICED),20723,라떼,2072300,207230000,95,2.88,8.29,45,2.37,0.0,카페게이트
라떼_고구마 라떼 아이스(ICED) (L),20723,라떼,2072300,207230000,57,1.51,5.5,21,1.04,0.0,아임일리터
라떼_고구마 라떼 아이스(ICED) (L),20723,라떼,2072300,207230000,75,2.53,7.0,25,0.93,0.0,커피:니
라떼_고구마 라떼 아이스(ICED) (M),20723,라떼,2072300,207230000,50,1.39,4.6,19,0.93,0.0,아임일리터
라떼_고구마 라떼 아이스(ICED) (R),20723,라떼,2072300,207230000,57,1.28,6.38,20,0.75,0.0,커피:니
라떼_고구마 라떼 핫(HOT),20723,라떼,2072300,207230000,93,2.92,8.0,45,2.31,0.0,카페게이트
라떼_고구마 라떼 핫(HOT) (L),20723,라떼,2072300,207230000,53,1.31,5.16,18,0.88,0.0,아임일리터
라떼_고구마 라떼 핫(HOT) (L),20723,라떼,2072300,207230000,109,3.08,11.5,49,1.9,0.0,커피:니
라떼_고구마 라떼 핫(HOT) (M),20723,라떼,2072300,207230000,60,1.56,5.72,21,1.03,0.0,아임일리터
라떼_고구마 라떼 핫(HOT) (R),20723,라떼,2072300,207230000,92,2.74,4.79,44,1.71,0.0,커피:니
라떼_골드 고구마 라떼 아이스(ICED),20723,라떼,2072300,207230000,105,2.96,11.51,48,2.3,0.0,달콤
라떼_골드 고구마 라떼 핫(HOT),20723,라떼,2072300,207230000,105,2.96,11.51,48,2.3,0.0,달콤
라떼_녹차 라떼,20723,라떼,2072300,207230000,56,1.51,6.98,23,0.91,0.0,청자다방
라떼_단호박 라떼,20723,라떼,2072300,207230000,59,1.59,6.53,18,0.69,0.0,청자다방
라떼_달고나 라떼,20723,라떼,2072300,207230000,71,1.33,9.31,73,0.7,0.0,청자다방
라떼_달고나 버블 라떼,20723,라떼,2072300,207230000,69,0.26,9.82,70,0.48,0.0,청자다방
라떼_더블 초콜릿 라떼 아이스(ICED) (L),20723,라떼,2072300,207230000,105,3.81,12.05,39,2.33,0.0,달콤
라떼_더블 초콜릿 라떼 아이스(ICED) (R),20723,라떼,2072300,207230000,112,3.94,12.96,41,2.54,0.0,달콤
라떼_더블 초콜릿 라떼 핫(HOT) (L),20723,라떼,2072300,207230000,105,3.81,12.05,39,2.33,0.0,달콤
라떼_더블 초콜릿 라떼 핫(HOT) (R),20723,라떼,2072300,207230000,112,3.94,12.96,41,2.54,0.0,달콤
라떼_딸기 듬뿍 라떼 (L),20723,라떼,2072300,207230000,60,1.39,7.73,23,1.1,0.0,팔공티
라떼_딸기 듬뿍 라떼 (XL),20723,라떼,2072300,207230000,61,1.3,8.2,21,1.02,0.0,팔공티
라떼_딸기 라떼 아이스(ICED) (L),20723,라떼,2072300,207230000,58,1.33,9.44,17,0.73,0.0,아임일리터
라떼_딸기 라떼 아이스(ICED) (M),20723,라떼,2072300,207230000,51,1.22,8.29,13,0.59,0.0,아임일리터
라떼_딸기버블 라떼 아이스(ICED),20723,라떼,2072300,207230000,85,1.18,12.01,24,1.02,0.0,카페게이트
라떼_리얼군고구마 라떼,20723,라떼,2072300,207230000,60,1.56,7.77,18,0.81,0.0,청자다방
라떼_마스카포네치즈 라떼,20723,라떼,2072300,207230000,64,1.26,5.32,36,2.28,0.0,청자다방
라떼_말차 라떼 아이스(ICED) (L),20723,라떼,2072300,207230000,52,1.44,7.28,22,1.01,0.0,아임일리터
라떼_말차 라떼 아이스(ICED) (M),20723,라떼,2072300,207230000,52,1.29,7.73,19,0.88,0.0,아임일리터
라떼_말차 라떼 핫(HOT) (L),20723,라떼,2072300,207230000,59,1.75,7.81,27,1.26,0.0,아임일리터
라떼_말차 라떼 핫(HOT) (M),20723,라떼,2072300,207230000,68,2.05,9.0,32,1.46,0.0,아임일리터
라떼_망고 라떼 아이스(ICED),20723,라떼,2072300,207230000,54,1.18,8.99,20,0.89,0.0,블루샥
라떼_미숫가루 아이스(ICED) (L),20723,라떼,2072300,207230000,43,1.28,5.56,33,0.11,0.0,커피:니
라떼_미숫가루 아이스(ICED) (R),20723,라떼,2072300,207230000,39,1.08,4.4,29,0.08,0.0,커피:니
라떼_미숫가루 라떼 아이스(ICED) (L),20723,라떼,2072300,207230000,81,2.68,7.46,27,1.3,0.0,아임일리터
라떼_미숫가루 라떼 아이스(ICED) (L),20723,라떼,2072300,207230000,85,2.61,7.78,56,1.0,0.0,커피:니
라떼_미숫가루 라떼 아이스(ICED) (R),20723,라떼,2072300,207230000,66,2.43,6.65,52,0.98,0.0,커피:니
라떼_미숫가루 라떼 핫(HOT) (L),20723,라떼,2072300,207230000,58,2.14,5.05,27,1.26,0.0,아임일리터
라떼_미숫가루 라떼 핫(HOT) (M),20723,라떼,2072300,207230000,60,2.18,5.11,26,1.22,0.0,아임일리터
라떼_민트초코 라떼 아이스(ICED) (L),20723,라떼,2072300,207230000,66,1.49,9.26,43,1.01,0.0,아임일리터
라떼_민트초코 라떼 아이스(ICED) (L),20723,라떼,2072300,207230000,78,1.4,5.58,56,2.51,0.0,커피:니
라떼_민트초코 라떼 아이스(ICED) (M),20723,라떼,2072300,207230000,56,1.24,7.82,31,0.88,0.0,아임일리터
라떼_민트초코 라떼 아이스(ICED) (R),20723,라떼,2072300,207230000,78,1.4,5.58,56,2.53,0.0,커피:니
라떼_민트초코 라떼 핫(HOT) (L),20723,라떼,2072300,207230000,70,1.79,9.28,47,1.25,0.0,아임일리터
라떼_민트초코 라떼 핫(HOT) (L),20723,라떼,2072300,207230000,113,2.7,8.33,83,3.63,0.0,커피:니
라떼_민트초코 라떼 핫(HOT) (M),20723,라떼,2072300,207230000,68,1.96,8.27,42,1.46,0.0,아임일리터
라떼_민트초코 라떼 핫(HOT) (R),20723,라떼,2072300,207230000,113,2.71,8.32,83,3.65,0.0,커피:니
라떼_민트쿠키 라떼 아이스(ICED),20723,라떼,2072300,207230000,108,3.38,12.18,76,2.2,0.0,카페게이트
라떼_민트쿠키 라떼 핫(HOT),20723,라떼,2072300,207230000,104,3.23,11.54,74,2.31,0.0,카페게이트
라떼_밀크티 라떼 아이스(ICED) (L),20723,라떼,2072300,207230000,27,0.87,3.67,14,0.52,0.0,커피:니
라떼_밀크티 라떼 아이스(ICED) (R),20723,라떼,2072300,207230000,27,0.86,3.68,14,0.53,0.0,커피:니
라떼_밀크티 라떼 핫(HOT) (L),20723,라떼,2072300,207230000,60,2.4,6.68,40,2.4,0.0,커피:니
라떼_밀크티 라떼 핫(HOT) (R),20723,라떼,2072300,207230000,60,2.42,6.68,40,2.41,0.0,커피:니
라떼_밀크티 버블 라떼,20723,라떼,2072300,207230000,55,1.52,5.89,17,0.9,0.0,청자다방
라떼_브라운슈가버블 라떼 아이스(ICED),20723,라떼,2072300,207230000,60,1.35,6.6,22,1.02,0.0,카페게이트
라떼_브라운슈가버블 라떼 핫(HOT),20723,라떼,2072300,207230000,54,1.23,6.0,20,0.92,0.0,카페게이트
라떼_생강 라떼,20723,라떼,2072300,207230000,132,2.14,16.21,43,4.61,0.0,청자다방
라떼_설향 딸기 라떼 아이스(ICED),20723,라떼,2072300,207230000,45,0.99,6.6,20,0.78,0.0,블루샥
라떼_스트로베리 라떼 아이스(ICED) (L),20723,라떼,2072300,207230000,53,1.69,3.81,19,0.85,0.0,달콤
라떼_스트로베리 라떼 아이스(ICED) (R),20723,라떼,2072300,207230000,52,1.69,3.66,19,0.85,0.0,달콤
라떼_약과 오트라떼 아이스(ICED),20723,라떼,2072300,207230000,73,0.34,7.28,30,1.35,0.0,더벤티
라떼_약과 오트라떼 핫(HOT),20723,라떼,2072300,207230000,82,0.51,7.78,36,1.35,0.0,더벤티
라떼_영암 고구마 라떼 아이스(ICED),20723,라떼,2072300,207230000,58,1.29,6.79,16,0.78,0.0,블루샥
라떼_영암 고구마 라떼 핫(HOT),20723,라떼,2072300,207230000,76,1.69,8.6,21,1.04,0.0,블루샥
라떼_오곡 라떼 아이스(ICED),20723,라떼,2072300,207230000,92,3.55,7.45,56,2.54,0.0,카페게이트
라떼_오곡 라떼 핫(HOT),20723,라떼,2072300,207230000,96,3.54,7.85,57,2.62,0.0,카페게이트
라떼_오미자 라떼,20723,라떼,2072300,207230000,133,2.0,17.81,44,4.86,0.0,청자다방
라떼_짱구 초코 라떼 아이스(ICED),20723,라떼,2072300,207230000,124,3.86,15.98,49,3.58,0.0,달콤
라떼_초코 라떼,20723,라떼,2072300,207230000,64,1.43,8.5,30,1.51,0.0,청자다방
라떼_초코 라떼 아이스(ICED) (L),20723,라떼,2072300,207230000,55,1.45,7.28,25,1.01,0.0,아임일리터
라떼_초코 라떼 아이스(ICED) (L),20723,라떼,2072300,207230000,88,2.87,11.36,30,1.36,0.0,커피:니
라떼_초코 라떼 아이스(ICED) (M),20723,라떼,2072300,207230000,50,1.29,6.63,23,0.91,0.0,아임일리터
라떼_초코 라떼 아이스(ICED) (R),20723,라떼,2072300,207230000,75,2.48,12.03,31,1.19,0.0,커피:니
라떼_초코 라떼 핫(HOT) (L),20723,라떼,2072300,207230000,59,1.74,7.3,30,1.25,0.0,아임일리터
라떼_초코 라떼 핫(HOT) (L),20723,라떼,2072300,207230000,124,4.5,14.9,60,2.38,0.0,커피:니
라떼_초코 라떼 핫(HOT) (M),20723,라떼,2072300,207230000,62,2.01,7.09,34,1.49,0.0,아임일리터
라떼_초코 라떼 핫(HOT) (R),20723,라떼,2072300,207230000,111,4.06,13.29,54,2.16,0.0,커피:니
라떼_치즈군고구마 라떼,20723,라떼,2072300,207230000,73,1.64,8.75,25,1.42,0.0,청자다방
라떼_쿠키크림 라떼 아이스(ICED) (L),20723,라떼,2072300,207230000,74,1.7,8.54,50,1.64,0.0,아임일리터
라떼_쿠키크림 라떼 아이스(ICED) (M),20723,라떼,2072300,207230000,72,1.54,8.16,49,1.57,0.0,아임일리터
라떼_쿠키크림 라떼 핫(HOT) (L),20723,라떼,2072300,207230000,78,2.0,8.56,55,1.87,0.0,아임일리터
라떼_쿠키크림 라떼 핫(HOT) (M),20723,라떼,2072300,207230000,84,2.27,8.61,60,2.15,0.0,아임일리터
라떼_토피넛 라떼 아이스(ICED) (L),20723,라떼,2072300,207230000,53,2.44,3.8,66,1.33,0.0,커피:니
라떼_토피넛 라떼 아이스(ICED) (R),20723,라떼,2072300,207230000,52,2.06,3.23,57,1.15,0.0,커피:니
라떼_토피넛 라떼 핫(HOT) (L),20723,라떼,2072300,207230000,97,4.03,6.4,101,2.34,0.0,커피:니
라떼_토피넛 라떼 핫(HOT) (R),20723,라떼,2072300,207230000,84,3.56,5.71,86,2.11,0.0,커피:니
라떼_호두 라떼,20723,라떼,2072300,207230000,63,1.42,7.79,32,1.31,0.0,청자다방
라떼_흑당고구마 라떼,20723,라떼,2072300,207230000,65,1.37,8.94,16,0.71,0.0,청자다방
라떼_흑당버블 라떼,20723,라떼,2072300,207230000,67,1.31,8.0,16,0.99,0.0,청자다방
라떼_흑당 버블 라떼 아이스(ICED) (M),20723,라떼,2072300,207230000,63,1.4,6.75,23,0.81,0.0,아임일리터
레몬차_레몬 스윗플럼 핫(HOT),20724,레몬차,2072400,207240000,55,0.14,10.75,2,0.02,0.0,이디야
레몬차_레몬차 아이스(ICED),20724,레몬차,2072400,207240000,46,0.04,9.7,14,0.0,0.0,메가커피
레몬차_레몬차 핫(HOT),20724,레몬차,2072400,207240000,47,0.05,9.49,16,0.0,0.0,메가커피
레몬차_레몬차,20724,레몬차,2072400,207240000,53,0.09,10.74,0,0.01,0.0,이디야
레몬차_레몬티 아이스(ICED),20724,레몬차,2072400,207240000,46,0.17,11.17,20,0.0,0.0,빽다방
레몬차_레몬티 아이스(ICED),20724,레몬차,2072400,207240000,55,0.48,11.08,1,0.0,0.0,토프레소
레몬차_레몬티 핫(HOT),20724,레몬차,2072400,207240000,68,0.0,16.5,15,0.0,0.0,빽다방
레몬차_레몬티 핫(HOT),20724,레몬차,2072400,207240000,54,0.52,10.91,1,0.0,0.0,토프레소
레몬차_레몬차,20724,레몬차,2072400,207240000,41,0.11,9.62,21,0.0,0.0,청자다방
레몬차_레몬차 (L),20724,레몬차,2072400,207240000,35,0.16,8.56,5,0.0,0.0,커피:니
레몬차_레몬차 (R),20724,레몬차,2072400,207240000,28,0.13,6.88,4,0.0,0.0,커피:니
레몬차_레몬차 아이스(ICED) (L),20724,레몬차,2072400,207240000,36,0.01,7.98,12,0.08,0.0,아임일리터
레몬차_레몬차 아이스(ICED) (M),20724,레몬차,2072400,207240000,42,0.02,8.75,14,0.1,0.0,아임일리터
레몬차_레몬차 핫(HOT) (L),20724,레몬차,2072400,207240000,36,0.01,7.98,12,0.08,0.0,아임일리터
레몬차_레몬차 핫(HOT) (M),20724,레몬차,2072400,207240000,42,0.02,8.75,14,0.1,0.0,아임일리터
미숫가루_미숫가루,20730,미숫가루,2073000,207300000,49,1.42,5.98,16,0.16,0.0,빽다방
미숫가루_오곡 미숫가루,20730,미숫가루,2073000,207300000,68,1.83,6.91,28,0.8,0.0,청자다방
미숫가루_제주 보리개역 아이스(ICED),20730,미숫가루,2073000,207300000,77,2.2,7.7,22,1.1,0.0,블루샥
미숫가루_제주 보리개역 핫(HOT),20730,미숫가루,2073000,207300000,84,2.83,8.27,24,1.21,0.0,블루샥
밀크티/버블티_브라운 슈가 쥬얼리 밀크티 아이스(ICED),20732,밀크티/버블티,2073200,207320000,69,1.48,7.82,34,1.48,0.0,공차
밀크티/버블티_브라운 슈가 쥬얼리 밀크티 핫(HOT),20732,밀크티/버블티,2073200,207320000,105,2.66,9.9,49,2.42,0.0,공차
밀크티/버블티_코코넛 버블티,20732,밀크티/버블티,2073200,207320000,85,1.51,7.06,46,3.03,0.0,토프레소
밀크티/버블티_타로 밀크티 아이스(ICED) (J),20732,밀크티/버블티,2073200,207320000,63,0.31,1.38,15,2.61,0.0,공차
밀크티/버블티_타로 밀크티 아이스(ICED) (L),20732,밀크티/버블티,2073200,207320000,63,0.21,1.27,15,2.54,0.0,공차
밀크티/버블티_타로 밀크티 핫(HOT) (J),20732,밀크티/버블티,2073200,207320000,95,0.42,2.11,23,4.02,0.0,공차
밀크티/버블티_타로 밀크티 핫(HOT) (L),20732,밀크티/버블티,2073200,207320000,95,0.24,2.17,23,4.11,0.0,공차
밀크티/버블티_타로 밀크티+펄 아이스(ICED) (J),20732,밀크티/버블티,2073200,207320000,79,0.31,2.61,16,2.61,0.0,공차
밀크티/버블티_타로 밀크티+펄 아이스(ICED) (L),20732,밀크티/버블티,2073200,207320000,80,0.21,2.54,16,2.54,0.0,공차
밀크티/버블티_타로 밀크티+펄 핫(HOT) (J),20732,밀크티/버블티,2073200,207320000,118,0.42,3.81,24,4.02,0.0,공차
밀크티/버블티_타로 밀크티+펄 핫(HOT) (L),20732,밀크티/버블티,2073200,207320000,115,0.48,3.62,24,4.11,0.0,공차
밀크티/버블티_타로 버블티,20732,밀크티/버블티,2073200,207320000,75,1.34,6.89,24,0.84,0.0,토프레소
밀크티/버블티_민트 밀크티 아이스(ICED) (L),20732,밀크티/버블티,2073200,207320000,67,1.39,6.82,37,1.33,0.0,팔공티
밀크티/버블티_민트 밀크티 아이스(ICED) (XL),20732,밀크티/버블티,2073200,207320000,78,1.45,8.74,44,1.45,0.0,팔공티
밀크티/버블티_민트 밀크티 핫(HOT) (L),20732,밀크티/버블티,2073200,207320000,88,2.51,9.91,61,2.3,0.0,팔공티
밀크티/버블티_민트 밀크티 핫(HOT) (XL),20732,밀크티/버블티,2073200,207320000,94,2.52,11.9,67,2.38,0.0,팔공티
밀크티/버블티_밀크티,20732,밀크티/버블티,2073200,207320000,51,1.78,7.5,16,0.84,0.0,청자다방
밀크티/버블티_블랙 밀크티 아이스(ICED) (L),20732,밀크티/버블티,2073200,207320000,33,1.31,3.4,22,1.0,0.0,아임일리터
밀크티/버블티_블랙 밀크티 아이스(ICED) (M),20732,밀크티/버블티,2073200,207320000,32,1.25,3.38,21,0.96,0.0,아임일리터
밀크티/버블티_블랙 밀크티 핫(HOT) (L),20732,밀크티/버블티,2073200,207320000,29,1.11,3.05,18,0.85,0.0,아임일리터
밀크티/버블티_블랙 밀크티 핫(HOT) (M),20732,밀크티/버블티,2073200,207320000,34,1.35,3.55,23,1.03,0.0,아임일리터
밀크티/버블티_타로 밀크티 아이스(ICED) (L),20732,밀크티/버블티,2073200,207320000,66,1.24,6.26,21,1.04,0.0,팔공티
밀크티/버블티_타로 밀크티 아이스(ICED) (XL),20732,밀크티/버블티,2073200,207320000,82,1.43,10.85,24,1.22,0.0,팔공티
밀크티/버블티_타로 밀크티 핫(HOT) (L),20732,밀크티/버블티,2073200,207320000,103,2.41,11.35,41,1.98,0.0,팔공티
밀크티/버블티_타로 밀크티 핫(HOT) (XL),20732,밀크티/버블티,2073200,207320000,113,2.4,17.44,40,2.0,0.0,팔공티
밀크티/버블티_허니 밀크티 아이스(ICED) (L),20732,밀크티/버블티,2073200,207320000,33,1.31,3.4,29,1.0,0.0,아임일리터
밀크티/버블티_허니 밀크티 아이스(ICED) (M),20732,밀크티/버블티,2073200,207320000,32,1.25,3.38,21,0.96,0.0,아임일리터
밀크티/버블티_허니 밀크티 핫(HOT) (L),20732,밀크티/버블티,2073200,207320000,29,1.11,3.05,18,0.85,0.0,아임일리터
밀크티/버블티_허니 밀크티 핫(HOT) (M),20732,밀크티/버블티,2073200,207320000,34,1.35,3.55,23,1.03,0.0,아임일리터
밀크티/버블티_흑당 밀크티 아이스(ICED) (L),20732,밀크티/버블티,2073200,207320000,77,1.29,9.58,22,1.08,0.0,팔공티
밀크티/버블티_흑당 밀크티 아이스(ICED) (M),20732,밀크티/버블티,2073200,207320000,51,1.3,6.46,23,1.0,0.0,아임일리터
밀크티/버블티_흑당 밀크티 아이스(ICED) (XL),20732,밀크티/버블티,2073200,207320000,85,1.38,10.81,24,1.17,0.0,팔공티
밀크티/버블티_흑당 밀크티 핫(HOT) (L),20732,밀크티/버블티,2073200,207320000,120,2.37,17.77,41,1.96,0.0,팔공티
밀크티/버블티_흑당 밀크티 핫(HOT) (XL),20732,밀크티/버블티,2073200,207320000,119,2.38,17.58,41,1.96,0.0,팔공티
뱅쇼_뱅쇼,20733,뱅쇼,2073300,207330000,42,0.26,9.61,2,0.0,0.0,토프레소
뱅쇼_화이트 뱅쇼,20733,뱅쇼,2073300,207330000,23,0.0,4.58,4,0.0,0.0,토프레소
사과차_석류 애플라임 핫(HOT),20735,사과차,2073500,207350000,45,0.0,7.73,3,0.02,0.0,이디야
사과차_석류 애플라임,20735,사과차,2073500,207350000,59,0.0,13.91,4,0.0,0.0,이디야
사과차_석류애플라임 아이스(ICED),20735,사과차,2073500,207350000,48,0.0,9.68,2,0.0,0.0,이디야
사과차_사과차 아이스(ICED) (L),20735,사과차,2073500,207350000,40,0.01,8.08,41,0.0,0.0,아임일리터
사과차_사과차 아이스(ICED) (M),20735,사과차,2073500,207350000,39,0.02,7.88,34,0.0,0.0,아임일리터
사과차_사과차 핫(HOT) (L),20735,사과차,2073500,207350000,48,0.01,9.65,42,0.0,0.0,아임일리터
사과차_사과차 핫(HOT) (M),20735,사과차,2073500,207350000,52,0.02,10.41,45,0.0,0.0,아임일리터
생강차_유자 생강차,20736,생강차,2073600,207360000,43,0.0,9.35,8,0.0,0.0,토프레소
생강차_생강차,20736,생강차,2073600,207360000,41,0.14,8.79,7,0.01,0.0,청자다방
스무디_꿀복숭아 플랫치노,20737,스무디,2073700,207370000,54,0.0,11.84,2,0.0,0.0,이디야
스무디_딸기 딜라이트 요거트 블렌디드 (Tall),20737,스무디,2073700,207370000,104,2.54,16.06,31,1.21,0.0,스타벅스
스무디_딸기 빽스치노 소프트,20737,스무디,2073700,207370000,90,1.31,12.81,22,1.83,0.0,빽다방
스무디_딸기 쉐이크,20737,스무디,2073700,207370000,157,2.17,15.46,52,7.39,0.0,이디야
스무디_딸기 스무디,20737,스무디,2073700,207370000,74,0.96,12.29,17,0.72,0.0,토프레소
스무디_딸기 요거트 플랫치노,20737,스무디,2073700,207370000,78,1.63,12.9,20,0.77,0.0,이디야
스무디_딸기 치즈 블렌디드,20737,스무디,2073700,207370000,98,1.93,7.71,45,4.34,0.0,토프레소
스무디_딸기돼지쉑,20737,스무디,2073700,207370000,102,2.03,12.52,30,2.37,0.0,커피에반하다
스무디_딸기바나나 빽스치노 소프트,20737,스무디,2073700,207370000,90,1.31,12.81,22,1.83,0.0,빽다방
스무디_딸기바나나 빽스치노,20737,스무디,2073700,207370000,80,1.12,8.48,18,0.64,0.0,빽다방
스무디_딸기요거트 스무디,20737,스무디,2073700,207370000,68,1.08,9.9,9,0.37,0.0,메가커피
스무디_딸기퐁 크러쉬,20737,스무디,2073700,207370000,91,1.84,7.77,26,1.2,0.0,메가커피
스무디_망고 바나나 블렌디드 (Grande),20737,스무디,2073700,207370000,57,0.85,10.15,23,0.21,0.0,스타벅스
스무디_망고 스무디,20737,스무디,2073700,207370000,68,0.21,9.51,14,1.27,0.0,공차
스무디_망고요거트 스무디,20737,스무디,2073700,207370000,63,1.05,6.95,10,0.54,0.0,메가커피
스무디_망고 플랫치노,20737,스무디,2073700,207370000,62,0.12,14.37,4,0.0,0.0,이디야
스무디_민트 초콜릿 칩 블렌디드 (Tall),20737,스무디,2073700,207370000,128,2.54,14.65,54,3.94,0.0,스타벅스
스무디_민트초코 빽스치노 소프트,20737,스무디,2073700,207370000,105,1.95,5.19,37,3.12,0.0,빽다방
스무디_민트초코 빽스치노,20737,스무디,2073700,207370000,96,1.9,4.44,39,2.22,0.0,빽다방
스무디_바나나퐁 크러쉬,20737,스무디,2073700,207370000,100,1.83,10.86,28,0.78,0.0,메가커피
스무디_바닐라 크림 프라푸치노 (Tall),20737,스무디,2073700,207370000,56,1.13,7.89,42,1.69,0.0,스타벅스
스무디_배꿀 스무디,20737,스무디,2073700,207370000,81,1.33,13.83,19,0.67,0.0,빽다방
스무디_복숭아 애플망고 스무디,20737,스무디,2073700,207370000,59,0.72,11.81,17,0.48,0.0,토프레소
스무디_브라운 슈가 쥬얼리 치즈폼 스무디 아이스(ICED),20737,스무디,2073700,207370000,97,0.42,9.51,44,2.54,0.0,공차
스무디_블루베리 요거트 스무디,20737,스무디,2073700,207370000,61,1.2,12.77,18,0.72,0.0,토프레소
스무디_블루베리 요거트 플랫치노,20737,스무디,2073700,207370000,72,1.59,11.13,20,0.78,0.0,이디야
스무디_생딸기 그래놀라 요거트 스무디,20737,스무디,2073700,207370000,77,1.93,9.16,15,0.48,0.0,토프레소
스무디_샤인 머스캣 스무디,20737,스무디,2073700,207370000,75,0.0,13.98,1,0.0,0.0,토프레소
스무디_성주참외꿀 스무디,20737,스무디,2073700,207370000,63,1.43,11.47,15,0.72,0.0,빽다방
스무디_슈크림허니퐁 크러쉬,20737,스무디,2073700,207370000,96,1.98,8.38,34,1.32,0.0,메가커피
스무디_스트로베리치즈홀릭,20737,스무디,2073700,207370000,85,1.17,9.09,17,2.06,0.0,메가커피
스무디_연유딸기쉑,20737,스무디,2073700,207370000,110,2.03,15.91,17,2.71,0.0,커피에반하다
스무디_연유망고쉑,20737,스무디,2073700,207370000,110,2.03,16.07,17,2.71,0.0,커피에반하다
스무디_오리진 쉐이크,20737,스무디,2073700,207370000,129,1.93,10.14,50,7.39,0.0,이디야
스무디_우도땅콩 바나나 쉐이크,20737,스무디,2073700,207370000,77,1.68,6.84,40,0.85,0.0,메가커피
스무디_유니콘 프라페,20737,스무디,2073700,207370000,80,1.18,7.16,24,1.88,0.0,메가커피
스무디_자몽 플랫치노,20737,스무디,2073700,207370000,36,0.17,8.46,3,0.0,0.0,이디야
스무디_장수 오미자 스무디,20737,스무디,2073700,207370000,38,0.03,7.51,2,0.0,0.0,메가커피
스무디_제주 그린 한라봉 모히또 블렌디드 (Grande),20737,스무디,2073700,207370000,34,0.0,7.82,1,0.0,0.0,스타벅스
스무디_제주 까망 크림 프라푸치노 (Grande),20737,스무디,2073700,207370000,127,1.9,16.7,70,1.48,0.0,스타벅스
스무디_제주 쑥떡 크림 프라푸치노 (Grande),20737,스무디,2073700,207370000,97,1.69,12.05,53,2.11,0.0,스타벅스
스무디_제주 한라봉 스무디,20737,스무디,2073700,207370000,60,1.93,12.05,8,0.0,0.0,토프레소
스무디_제주 레몬 망고 스무디,20737,스무디,2073700,207370000,31,0.12,4.6,3,0.02,0.0,메가커피
스무디_초코돼지쉑,20737,스무디,2073700,207370000,91,2.03,11.17,34,1.35,0.0,커피에반하다
스무디_초코바나나 빽스치노 소프트,20737,스무디,2073700,207370000,102,1.57,6.14,19,2.75,0.0,빽다방
스무디_초코바나나 빽스치노,20737,스무디,2073700,207370000,92,1.6,5.44,17,1.6,0.0,빽다방
스무디_초코빽스치노 소프트,20737,스무디,2073700,207370000,101,1.74,14.92,22,2.17,0.0,빽다방
스무디_초코빽스치노,20737,스무디,2073700,207370000,91,1.75,16.13,21,1.05,0.0,빽다방
스무디_쿠앤크 블렌디드,20737,스무디,2073700,207370000,108,1.45,11.81,95,3.13,0.0,토프레소
스무디_트위스트 피치 요거트 블렌디드 (Grande),20737,스무디,2073700,207370000,82,0.63,14.38,14,0.25,0.0,스타벅스
스무디_퍼플 사워 블렌디드 (Tall),20737,스무디,2073700,207370000,72,0.0,18.03,18,0.0,0.0,스타벅스
스무디_퐁당치노 미숫가루,20737,스무디,2073700,207370000,104,2.87,12.5,36,1.52,0.0,빽다방
스무디_퐁당치노 바닐라,20737,스무디,2073700,207370000,93,2.07,11.3,40,1.69,0.0,빽다방
스무디_플레인 요거트 플랫치노,20737,스무디,2073700,207370000,55,1.58,7.6,19,0.77,0.0,이디야
스무디_플레인요거트 스무디,20737,스무디,2073700,207370000,87,1.42,11.57,12,0.49,0.0,메가커피
스무디_플레인 요거트 스무디,20737,스무디,2073700,207370000,82,1.17,15.67,13,1.0,0.0,빽다방
스무디_플레인퐁 크러쉬,20737,스무디,2073700,207370000,79,1.79,7.82,26,1.02,0.0,메가커피
스무디_플레인허니퐁 크러쉬,20737,스무디,2073700,207370000,82,1.91,6.11,23,1.02,0.0,메가커피
스무디_화이트 타이거 프라푸치노 (Grande),20737,스무디,2073700,207370000,87,1.06,12.05,47,2.96,0.0,스타벅스
스무디_히비스커스펀치슬러쉬,20737,스무디,2073700,207370000,39,0.02,8.67,0,0.01,0.0,커피에반하다
스무디_그린티 스무디 (L),20737,스무디,2073700,207370000,75,1.36,12.79,18,0.86,0.0,아임일리터
스무디_그린티 스무디 (M),20737,스무디,2073700,207370000,70,1.03,12.86,13,0.59,0.0,아임일리터
스무디_꿀배 쿨러시,20737,스무디,2073700,207370000,64,0.08,12.9,20,0.0,0.0,블루샥
스무디_달달녹차프라푸치노,20737,스무디,2073700,207370000,87,1.38,17.02,13,0.57,0.0,청자다방
스무디_딸기 쉐이크,20737,스무디,2073700,207370000,126,1.48,12.39,20,3.38,0.0,블루샥
스무디_딸기 요거트 블렌디드,20737,스무디,2073700,207370000,84,0.91,15.01,14,0.65,0.0,팔공티
스무디_딸기 요거트 스무디,20737,스무디,2073700,207370000,79,1.29,14.69,15,0.38,0.0,블루샥
스무디_딸기 유자 소르베,20737,스무디,2073700,207370000,77,0.08,18.5,12,0.0,0.0,블루샥
스무디_딸기바나나요거트,20737,스무디,2073700,207370000,77,1.26,13.07,20,0.42,0.0,청자다방
스무디_딸기 쉐이크 (R),20737,스무디,2073700,207370000,114,1.53,16.4,33,3.0,0.0,커피:니
스무디_딸기스노우 프라페,20737,스무디,2073700,207370000,66,0.85,9.81,23,1.02,0.0,카페게이트
스무디_딸기 스무디 (L),20737,스무디,2073700,207370000,74,1.05,13.32,24,0.73,0.0,아임일리터
스무디_딸기 스무디 (L),20737,스무디,2073700,207370000,52,0.83,10.18,18,0.44,0.0,커피:니
스무디_딸기 스무디 (M),20737,스무디,2073700,207370000,73,0.86,13.87,21,0.59,0.0,아임일리터
스무디_딸기 스무디 (R),20737,스무디,2073700,207370000,58,0.6,11.5,10,0.38,0.0,커피:니
스무디_딸기요거 스무디,20737,스무디,2073700,207370000,101,1.86,13.71,38,1.52,0.0,카페게이트
스무디_딸기요거트,20737,스무디,2073700,207370000,76,1.14,12.0,21,0.55,0.0,청자다방
스무디_딸기요거트 스무디 (L),20737,스무디,2073700,207370000,93,0.87,16.71,16,0.44,0.0,커피:니
스무디_딸기요거트 스무디 (R),20737,스무디,2073700,207370000,83,1.2,16.5,18,0.38,0.0,커피:니
스무디_딸기크림쿠키 프라페,20737,스무디,2073700,207370000,126,2.03,12.01,67,3.55,0.0,카페게이트
스무디_딸기크림프라푸치노,20737,스무디,2073700,207370000,86,0.89,12.56,22,1.28,0.0,청자다방
스무디_딸기피치 요거스무디,20737,스무디,2073700,207370000,111,1.86,17.26,34,1.52,0.0,카페게이트
스무디_딸기한라봉 스무디,20737,스무디,2073700,207370000,66,0.0,15.23,3,0.0,0.0,카페게이트
스무디_라이스 쉐이크,20737,스무디,2073700,207370000,121,1.4,11.4,56,3.38,0.0,블루샥
스무디_레드자몽 쿨러시,20737,스무디,2073700,207370000,61,0.08,14.4,8,0.0,0.0,블루샥
스무디_망고 바나나 프라페,20737,스무디,2073700,207370000,50,0.19,12.2,5,0.0,0.0,블루샥
스무디_망고 아이스 블렌디드,20737,스무디,2073700,207370000,77,0.28,14.93,14,1.69,0.0,달콤
스무디_망고 요거트 스무디,20737,스무디,2073700,207370000,74,0.99,13.19,18,0.49,0.0,블루샥
스무디_망고바나나요거트,20737,스무디,2073700,207370000,83,1.29,15.04,24,0.53,0.0,청자다방
스무디_망고 스무디 (L),20737,스무디,2073700,207370000,70,0.0,15.12,17,0.0,0.0,아임일리터
스무디_망고 스무디 (L),20737,스무디,2073700,207370000,93,0.0,16.51,5,0.0,0.0,커피:니
스무디_망고 스무디 (M),20737,스무디,2073700,207370000,94,0.0,20.3,23,0.0,0.0,아임일리터
스무디_망고 스무디 (R),20737,스무디,2073700,207370000,93,0.0,16.53,5,0.0,0.0,커피:니
스무디_망고요거트,20737,스무디,2073700,207370000,84,1.53,17.11,25,0.64,0.0,청자다방
스무디_민트 블렌디드,20737,스무디,2073700,207370000,76,1.08,12.39,42,1.18,0.0,팔공티
스무디_민트초코 스무디 (L),20737,스무디,2073700,207370000,77,1.45,11.52,51,0.91,0.0,아임일리터
스무디_민트초코 스무디 (M),20737,스무디,2073700,207370000,85,1.37,13.37,56,0.83,0.0,아임일리터
스무디_민트초코프라푸치노,20737,스무디,2073700,207370000,90,1.33,13.69,46,2.15,0.0,청자다방
스무디_민트초콜릿칩 프라페 (L),20737,스무디,2073700,207370000,99,1.36,9.2,34,3.7,0.0,커피:니
스무디_민트초콜릿칩 프라페 (R),20737,스무디,2073700,207370000,99,1.35,9.2,34,3.7,0.0,커피:니
스무디_민트쿠키 프라페,20737,스무디,2073700,207370000,128,1.69,12.01,50,3.55,0.0,카페게이트
스무디_밀크 쉐이크 (R),20737,스무디,2073700,207370000,101,1.5,11.4,41,3.55,0.0,커피:니
스무디_바나나프로틴쉐이크,20737,스무디,2073700,207370000,81,5.0,8.0,44,1.0,0.0,청자다방
스무디_복숭아 스무디 (L),20737,스무디,2073700,207370000,64,0.1,15.49,2,0.0,0.0,커피:니
스무디_복숭아 스무디 (R),20737,스무디,2073700,207370000,63,0.1,15.38,2,0.0,0.0,커피:니
스무디_복숭아 요거스무디,20737,스무디,2073700,207370000,105,1.86,16.75,34,1.52,0.0,카페게이트
스무디_블루베리 요거트 스무디,20737,스무디,2073700,207370000,88,1.18,14.4,15,0.38,0.0,블루샥
스무디_블루베리 스무디 (L),20737,스무디,2073700,207370000,83,1.07,15.12,28,0.73,0.0,아임일리터
스무디_블루베리 스무디 (L),20737,스무디,2073700,207370000,61,0.64,10.67,11,0.4,0.0,커피:니
스무디_블루베리 스무디 (M),20737,스무디,2073700,207370000,73,0.9,13.37,25,0.59,0.0,아임일리터
스무디_블루베리 스무디 (R),20737,스무디,2073700,207370000,57,0.6,10.0,10,0.38,0.0,커피:니
스무디_블루베리 요거스무디,20737,스무디,2073700,207370000,89,2.03,12.01,34,1.52,0.0,카페게이트
스무디_블루베리요거트,20737,스무디,2073700,207370000,85,1.13,15.44,23,0.8,0.0,청자다방
스무디_블루베리요거트 스무디 (L),20737,스무디,2073700,207370000,137,1.03,27.24,23,0.44,0.0,커피:니
스무디_블루베리요거트 스무디 (R),20737,스무디,2073700,207370000,82,1.2,15.5,18,0.38,0.0,커피:니
스무디_샤인머스캣 스무디,20737,스무디,2073700,207370000,50,0.0,12.18,3,0.0,0.0,카페게이트
스무디_스트로베리 요거트 블렌디드 (L),20737,스무디,2073700,207370000,61,1.06,10.36,16,0.42,0.0,달콤
스무디_스트로베리 요거트 블렌디드 (R),20737,스무디,2073700,207370000,61,1.13,10.42,16,0.56,0.0,달콤
스무디_애플망고 샹그리아 소르베,20737,스무디,2073700,207370000,59,0.11,13.11,3,0.0,0.0,블루샥
스무디_애플망고 스무디,20737,스무디,2073700,207370000,63,0.0,15.06,6,0.0,0.0,카페게이트
스무디_애플망고크러쉬,20737,스무디,2073700,207370000,53,0.1,12.09,7,0.01,0.0,청자다방
스무디_약과 카라멜 쉐이크,20737,스무디,2073700,207370000,118,1.02,13.87,46,2.71,0.0,더벤티
스무디_오레오 쉐이크 (R),20737,스무디,2073700,207370000,121,1.65,12.1,63,3.98,0.0,커피:니
스무디_요거트 블렌디드,20737,스무디,2073700,207370000,78,0.9,14.33,15,0.71,0.0,팔공티
스무디_요거트 스무디 (L),20737,스무디,2073700,207370000,71,1.23,12.05,36,0.86,0.0,아임일리터
스무디_요거트 스무디 (M),20737,스무디,2073700,207370000,64,0.88,11.74,31,0.59,0.0,아임일리터
스무디_자두크러쉬,20737,스무디,2073700,207370000,44,0.14,10.0,2,0.01,0.0,청자다방
스무디_자몽 요거트 블렌디드,20737,스무디,2073700,207370000,91,0.91,17.51,14,0.65,0.0,팔공티
스무디_자몽 스무디 (L),20737,스무디,2073700,207370000,35,0.14,8.13,1,0.0,0.0,커피:니
스무디_자몽 스무디 (R),20737,스무디,2073700,207370000,33,0.13,7.63,1,0.0,0.0,커피:니
스무디_자바칩 프라페 (L),20737,스무디,2073700,207370000,97,1.44,7.82,49,3.33,0.0,커피:니
스무디_자바칩 프라페 (R),20737,스무디,2073700,207370000,97,1.45,7.83,49,3.35,0.0,커피:니
스무디_자바칩프라푸치노,20737,스무디,2073700,207370000,83,2.22,12.55,43,1.83,0.0,청자다방
스무디_죠리퐁 프라페 밀크카라멜,20737,스무디,2073700,207370000,106,1.52,13.37,89,1.86,0.0,카페게이트
스무디_죠리퐁 프라페 플레인,20737,스무디,2073700,207370000,63,1.18,7.11,32,1.52,0.0,카페게이트
스무디_청포도 블렌디드,20737,스무디,2073700,207370000,61,0.0,7.44,1,0.0,0.0,팔공티
스무디_청포도 아이스 블렌디드,20737,스무디,2073700,207370000,71,0.0,9.86,4,0.0,0.0,달콤
스무디_청포도 쿨러시,20737,스무디,2073700,207370000,70,0.08,16.38,9,0.0,0.0,블루샥
스무디_초코칩 스무디 (L),20737,스무디,2073700,207370000,73,1.45,10.04,22,1.61,0.0,아임일리터
스무디_초코칩 스무디 (M),20737,스무디,2073700,207370000,72,1.27,10.49,20,1.34,0.0,아임일리터
스무디_초코프로틴쉐이크,20737,스무디,2073700,207370000,79,5.0,9.0,36,1.0,0.0,청자다방
스무디_초콜릿 아이스 블렌디드 (L),20737,스무디,2073700,207370000,90,1.9,5.92,43,2.75,0.0,달콤
스무디_초콜릿 아이스 블렌디드 (R),20737,스무디,2073700,207370000,90,1.97,14.37,43,2.82,0.0,달콤
스무디_쿠앤크 스무디 (L),20737,스무디,2073700,207370000,104,1.79,12.68,70,2.02,0.0,아임일리터
스무디_쿠앤크 스무디 (M),20737,스무디,2073700,207370000,105,1.64,13.2,69,1.91,0.0,아임일리터
스무디_쿠앤크프라푸치노,20737,스무디,2073700,207370000,90,2.03,10.7,94,1.68,0.0,청자다방
스무디_쿠키&크림 프라페 (L),20737,스무디,2073700,207370000,120,1.5,11.22,75,4.33,0.0,커피:니
스무디_쿠키&크림 프라페 (R),20737,스무디,2073700,207370000,125,1.5,11.23,75,4.35,0.0,커피:니
스무디_쿠키 프라페,20737,스무디,2073700,207370000,108,1.52,9.14,86,3.72,0.0,카페게이트
스무디_타로 블렌디드,20737,스무디,2073700,207370000,68,0.91,8.87,16,0.75,0.0,팔공티
스무디_퐁크러쉬,20737,스무디,2073700,207370000,113,1.96,11.35,54,3.83,0.0,청자다방
스무디_프로틴 그릭요거트 아이스 블렌디드,20737,스무디,2073700,207370000,161,7.04,16.9,82,3.1,0.0,달콤
스무디_프로틴 초콜릿 아이스 블렌디드 (L),20737,스무디,2073700,207370000,96,7.61,5.92,43,2.75,0.0,달콤
스무디_플레인 그릭요거트 아이스 블렌디드,20737,스무디,2073700,207370000,155,2.82,16.9,82,3.1,0.0,달콤
스무디_플레인 요거트 스무디,20737,스무디,2073700,207370000,88,1.29,14.8,19,0.19,0.0,블루샥
스무디_플레인 요거스무디,20737,스무디,2073700,207370000,86,2.2,10.49,36,1.69,0.0,카페게이트
스무디_플레인요거트,20737,스무디,2073700,207370000,82,1.49,15.65,28,0.84,0.0,청자다방
스무디_플레인요거트 스무디 (L),20737,스무디,2073700,207370000,87,2.24,13.4,30,0.67,0.0,커피:니
스무디_플레인요거트 스무디 (R),20737,스무디,2073700,207370000,77,1.73,14.13,26,0.5,0.0,커피:니
스무디_현미 밀크 쉐이크,20737,스무디,2073700,207370000,126,1.48,12.39,65,3.38,0.0,블루샥
스무디_흰둥이 바닐라 밀크 쉐이크,20737,스무디,2073700,207370000,120,1.45,16.52,37,4.35,0.0,달콤
쌍화차_대추쌍화차 아이스(ICED),20739,쌍화차,2073900,207390000,39,0.0,1.41,1,0.28,0.0,달콤
쌍화차_대추쌍화차 핫(HOT),20739,쌍화차,2073900,207390000,39,0.0,1.41,1,0.28,0.0,달콤
아이스티_샤인 매실 아이스티,20740,아이스티,2074000,207400000,44,0.24,9.4,0,0.0,0.0,토프레소
아이스티_NEW복숭아아이스티,20740,아이스티,2074000,207400000,31,0.01,7.37,2,0.09,0.0,바나프레소
아이스티_딸기 아이스티,20740,아이스티,2074000,207400000,23,0.0,5.1,1,0.0,0.0,블루샥
아이스티_레몬 아이스티 (L),20740,아이스티,2074000,207400000,27,0.0,6.67,1,0.0,0.0,아임일리터
아이스티_레몬 아이스티 (M),20740,아이스티,2074000,207400000,26,0.0,6.4,1,0.0,0.0,아임일리터
아이스티_레몬아이스티,20740,아이스티,2074000,207400000,37,0.02,9.06,1,0.0,0.0,청자다방
아이스티_로즈 오로라 아이스티,20740,아이스티,2074000,207400000,61,0.0,14.68,1,0.0,0.0,달콤
아이스티_복숭아아이스티,20740,아이스티,2074000,207400000,36,0.03,8.77,5,0.01,0.0,청자다방
아이스티_복숭아아이스티 (L),20740,아이스티,2074000,207400000,37,0.02,6.46,1,0.0,0.0,팔공티
아이스티_복숭아아이스티 (XL),20740,아이스티,2074000,207400000,34,0.02,6.06,1,0.02,0.0,팔공티
아이스티_아이스티 복숭아 (L),20740,아이스티,2074000,207400000,61,0.0,14.31,9,0.0,0.0,커피:니
아이스티_아이스티 복숭아 (R),20740,아이스티,2074000,207400000,46,0.0,10.73,6,0.0,0.0,커피:니
아이스티_애플망고 아이스티,20740,아이스티,2074000,207400000,42,0.08,10.0,8,0.0,0.0,블루샥
아이스티_자두 아이스티 (L),20740,아이스티,2074000,207400000,30,0.0,6.87,3,0.0,0.0,아임일리터
아이스티_자두 아이스티 (M),20740,아이스티,2074000,207400000,24,0.0,5.5,2,0.0,0.0,아임일리터
에이드_깔라만시 에이드,20742,에이드,2074200,207420000,36,0.17,8.33,14,0.0,0.0,빽다방
에이드_레모 네이드,20742,에이드,2074200,207420000,39,0.0,9.6,9,0.0,0.0,빽다방
에이드_레몬 에이드 (EX),20742,에이드,2074200,207420000,29,0.06,6.78,1,0.0,0.0,이디야
에이드_레몬 에이드,20742,에이드,2074200,207420000,28,0.06,6.6,1,0.0,0.0,이디야
에이드_레몬 에이드,20742,에이드,2074200,207420000,44,0.48,8.92,1,0.0,0.0,토프레소
에이드_레몬 에이드,20742,에이드,2074200,207420000,28,0.04,4.94,10,0.0,0.0,메가커피
에이드_메가 에이드,20742,에이드,2074200,207420000,41,0.04,7.59,1,0.0,0.0,메가커피
에이드_미초(석류) 에이드,20742,에이드,2074200,207420000,22,0.15,4.92,1,0.01,0.0,빽다방
에이드_배 에이드,20742,에이드,2074200,207420000,45,0.15,10.62,13,0.0,0.0,빽다방
에이드_블루레몬 에이드,20742,에이드,2074200,207420000,32,0.03,5.14,11,0.0,0.0,메가커피
에이드_블루레몬 에이드,20742,에이드,2074200,207420000,29,0.03,6.77,0,0.01,0.0,커피에반하다
에이드_블루파인 에이드,20742,에이드,2074200,207420000,36,0.02,7.4,0,0.01,0.0,커피에반하다
에이드_샤인 망고 에이드,20742,에이드,2074200,207420000,60,0.0,12.05,1,0.0,0.0,토프레소
에이드_샹그리아 에이드,20742,에이드,2074200,207420000,35,0.0,7.47,19,0.0,0.0,토프레소
에이드_스파클링 고흥유자 레몬 캐모마일,20742,에이드,2074200,207420000,21,0.0,4.65,1,0.0,0.0,커피빈
에이드_스파클링 망고 캐모마일,20742,에이드,2074200,207420000,45,0.0,9.09,18,0.0,0.0,커피빈
에이드_스파클링 망고,20742,에이드,2074200,207420000,35,0.06,7.61,0,0.0,0.0,커피에반하다
에이드_스파클링 베리,20742,에이드,2074200,207420000,36,0.03,8.45,0,0.0,0.0,커피에반하다
에이드_스파클링 제주 레몬 스웨디쉬,20742,에이드,2074200,207420000,50,0.0,11.84,0,0.0,0.0,커피빈
에이드_유니콘매직 에이드 블루,20742,에이드,2074200,207420000,39,0.01,6.85,2,0.0,0.0,메가커피
에이드_유니콘매직 에이드 핑크,20742,에이드,2074200,207420000,31,0.04,5.77,19,0.0,0.0,메가커피
에이드_자몽 에이드 (EX),20742,에이드,2074200,207420000,31,0.16,7.12,3,0.0,0.0,이디야
에이드_자몽 에이드,20742,에이드,2074200,207420000,30,0.16,6.95,3,0.0,0.0,이디야
에이드_자몽 에이드,20742,에이드,2074200,207420000,31,0.0,7.95,0,0.0,0.0,토프레소
에이드_자몽 에이드,20742,에이드,2074200,207420000,29,0.04,5.73,0,0.0,0.0,메가커피
에이드_자몽 에이드,20742,에이드,2074200,207420000,41,0.16,9.76,3,0.0,0.0,빽다방
에이드_청포도 에이드 (EX),20742,에이드,2074200,207420000,30,0.04,6.92,1,0.0,0.0,이디야
에이드_청포도 에이드,20742,에이드,2074200,207420000,32,0.04,7.25,1,0.0,0.0,이디야
에이드_청포도 에이드,20742,에이드,2074200,207420000,43,0.03,8.11,1,0.0,0.0,메가커피
에이드_청포도 에이드,20742,에이드,2074200,207420000,39,0.0,9.33,1,0.0,0.0,빽다방
에이드_한라 자몽 에이드,20742,에이드,2074200,207420000,33,1.01,6.89,4,0.0,0.0,토프레소
에이드_히비스엘더에이드,20742,에이드,2074200,207420000,36,0.06,8.25,0,0.0,0.0,커피에반하다
에이드_깔라만시 에이드,20742,에이드,2074200,207420000,31,0.21,5.5,10,0.0,0.0,달콤
에이드_깔라만시 에이드,20742,에이드,2074200,207420000,37,0.13,8.53,7,0.0,0.0,청자다방
에이드_딸기 에이드 (L),20742,에이드,2074200,207420000,39,0.04,9.38,2,0.0,0.0,아임일리터
에이드_딸기 에이드 (M),20742,에이드,2074200,207420000,37,0.05,8.97,2,0.0,0.0,아임일리터
에이드_레몬딸기 에이드,20742,에이드,2074200,207420000,52,0.0,12.52,2,0.0,0.0,카페게이트
에이드_레몬 에이드,20742,에이드,2074200,207420000,25,0.08,3.19,5,0.0,0.0,블루샥
에이드_레몬 에이드,20742,에이드,2074200,207420000,42,0.33,9.64,6,0.01,0.0,청자다방
에이드_레몬 에이드 (L),20742,에이드,2074200,207420000,45,0.06,10.89,5,0.01,0.0,아임일리터
에이드_레몬 에이드 (L),20742,에이드,2074200,207420000,30,0.13,6.24,4,0.0,0.0,커피:니
에이드_레몬 에이드 (L),20742,에이드,2074200,207420000,40,0.0,5.78,4,0.0,0.0,팔공티
에이드_레몬 에이드 (M),20742,에이드,2074200,207420000,38,0.05,9.22,4,0.01,0.0,아임일리터
에이드_레몬 에이드 (R),20742,에이드,2074200,207420000,28,0.13,6.88,4,0.0,0.0,커피:니
에이드_레몬 에이드 (XL),20742,에이드,2074200,207420000,43,0.02,5.93,5,0.0,0.0,팔공티
에이드_로즈 갤럭시 에이드,20742,에이드,2074200,207420000,30,0.0,6.88,9,0.0,0.0,달콤
에이드_복숭아 에이드 (L),20742,에이드,2074200,207420000,40,0.0,9.84,4,0.0,0.0,커피:니
에이드_복숭아 에이드 (R),20742,에이드,2074200,207420000,39,0.0,9.5,4,0.0,0.0,커피:니
에이드_블루레몬 에이드,20742,에이드,2074200,207420000,49,0.07,11.33,5,0.03,0.0,청자다방
에이드_블루레몬 에이드,20742,에이드,2074200,207420000,38,0.0,7.45,2,0.0,0.0,카페게이트
에이드_샤인코코 에이드,20742,에이드,2074200,207420000,34,0.0,8.29,3,0.0,0.0,카페게이트
에이드_샹그리아 에이드,20742,에이드,2074200,207420000,38,0.08,8.18,2,0.0,0.0,블루샥
에이드_유자 에이드,20742,에이드,2074200,207420000,59,0.17,12.56,11,0.0,0.0,청자다방
에이드_자두 에이드,20742,에이드,2074200,207420000,47,0.13,10.0,4,0.0,0.0,청자다방
에이드_자몽라임 에이드,20742,에이드,2074200,207420000,53,0.19,12.55,6,0.02,0.0,청자다방
에이드_자몽 에이드,20742,에이드,2074200,207420000,24,0.0,4.44,11,0.0,0.0,달콤
에이드_자몽 에이드,20742,에이드,2074200,207420000,39,0.19,8.88,5,0.0,0.0,블루샥
에이드_자몽 에이드,20742,에이드,2074200,207420000,52,0.17,12.01,9,0.0,0.0,카페게이트
에이드_자몽 에이드 (L),20742,에이드,2074200,207420000,43,0.11,10.32,5,0.01,0.0,아임일리터
에이드_자몽 에이드 (L),20742,에이드,2074200,207420000,22,0.1,5.07,3,0.0,0.0,커피:니
에이드_자몽 에이드 (M),20742,에이드,2074200,207420000,36,0.1,8.66,4,0.02,0.0,아임일리터
에이드_자몽 에이드 (R),20742,에이드,2074200,207420000,21,0.1,4.9,3,0.0,0.0,커피:니
에이드_제주 한라봉 에이드,20742,에이드,2074200,207420000,36,0.0,7.06,5,0.0,0.0,달콤
에이드_청귤 에이드,20742,에이드,2074200,207420000,58,0.0,13.54,11,0.0,0.0,카페게이트
에이드_청귤 에이드 (L),20742,에이드,2074200,207420000,48,0.07,11.52,3,0.0,0.0,아임일리터
에이드_청귤 에이드 (M),20742,에이드,2074200,207420000,45,0.08,10.83,2,0.0,0.0,아임일리터
에이드_청자스페셜,20742,에이드,2074200,207420000,42,0.1,9.53,6,0.01,0.0,청자다방
에이드_청포도 에이드,20742,에이드,2074200,207420000,37,0.08,6.09,6,0.0,0.0,블루샥
에이드_청포도블라썸,20742,에이드,2074200,207420000,48,0.29,11.41,7,0.01,0.0,청자다방
에이드_청포도 에이드,20742,에이드,2074200,207420000,28,0.0,6.34,1,0.0,0.0,달콤
에이드_청포도 에이드 (L),20742,에이드,2074200,207420000,46,0.02,11.1,5,0.01,0.0,아임일리터
에이드_청포도 에이드 (L),20742,에이드,2074200,207420000,43,0.0,4.0,0,0.0,0.0,팔공티
에이드_청포도 에이드 (M),20742,에이드,2074200,207420000,39,0.02,9.32,4,0.01,0.0,아임일리터
에이드_청포도 에이드 (XL),20742,에이드,2074200,207420000,44,0.0,4.1,0,0.0,0.0,팔공티
에이드_체리콕 에이드,20742,에이드,2074200,207420000,40,0.0,9.81,3,0.0,0.0,카페게이트
에이드_코코 에이드 청포도,20742,에이드,2074200,207420000,29,0.17,6.43,1,0.0,0.0,카페게이트
에이드_핑크리치 에이드 (L),20742,에이드,2074200,207420000,42,0.02,8.29,3,0.01,0.0,팔공티
에이드_핑크리치 에이드 (XL),20742,에이드,2074200,207420000,44,0.02,8.78,4,0.01,0.0,팔공티
에이드_한라봉 에이드 (L),20742,에이드,2074200,207420000,35,0.05,7.18,0,0.1,0.0,커피:니
에이드_한라봉 에이드 (R),20742,에이드,2074200,207420000,34,0.05,6.93,0,0.1,0.0,커피:니
오미자차_문경오미자차,20743,오미자차,2074300,207430000,27,0.29,6.32,0,0.01,0.0,청자다방
유자차_고흥 유자 레몬 캐모마일티,20745,유자차,2074500,207450000,21,0.0,4.65,1,0.0,0.0,커피빈
유자차_사과유자차 아이스(ICED),20745,유자차,2074500,207450000,34,0.04,5.28,10,0.0,0.0,메가커피
유자차_사과유자차 핫(HOT),20745,유자차,2074500,207450000,38,0.05,7.95,15,0.0,0.0,메가커피
유자차_유자 민트티 아이스(ICED) (Tall),20745,유자차,2074500,207450000,41,0.0,10.42,1,0.0,0.0,스타벅스
유자차_유자 민트티 핫(HOT) (Tall),20745,유자차,2074500,207450000,66,0.0,16.34,3,0.0,0.0,스타벅스
유자차_유자 캐모마일 아이스(ICED),20745,유자차,2074500,207450000,44,0.0,9.6,5,0.0,0.0,할리스
유자차_유자 캐모마일 핫(HOT),20745,유자차,2074500,207450000,44,0.0,9.6,5,0.0,0.0,할리스
유자차_유자 피나콜라다 아이스(ICED),20745,유자차,2074500,207450000,45,0.15,10.3,0,0.02,0.0,이디야
유자차_유자 피나콜라다 핫(HOT),20745,유자차,2074500,207450000,48,0.12,10.38,1,0.03,0.0,이디야
유자차_유자 피나콜라다,20745,유자차,2074500,207450000,45,0.0,10.87,2,0.0,0.0,이디야
유자차_유자차 아이스(ICED),20745,유자차,2074500,207450000,43,0.04,8.37,14,0.0,0.0,메가커피
유자차_유자차 핫(HOT),20745,유자차,2074500,207450000,48,0.05,8.1,18,0.0,0.0,메가커피
유자차_유자차,20745,유자차,2074500,207450000,45,0.1,10.16,0,0.01,0.0,이디야
유자차_유자티 아이스(ICED),20745,유자차,2074500,207450000,67,0.24,14.22,12,0.0,0.0,토프레소
유자차_유자티 핫(HOT),20745,유자차,2074500,207450000,68,0.26,14.55,12,0.0,0.0,토프레소
유자차_고흥유자차 (L),20745,유자차,2074500,207450000,81,1.6,2.67,27,0.0,0.0,커피:니
유자차_고흥유자차 (R),20745,유자차,2074500,207450000,61,1.2,2.0,20,0.0,0.0,커피:니
유자차_레몬 유자티 아이스(ICED),20745,유자차,2074500,207450000,50,0.0,11.69,11,0.0,0.0,블루샥
유자차_레몬 유자티 핫(HOT),20745,유자차,2074500,207450000,58,0.0,13.47,17,0.0,0.0,블루샥
유자차_유자레몬티 아이스(ICED),20745,유자차,2074500,207450000,48,0.17,10.66,6,0.0,0.0,카페게이트
유자차_유자레몬티 핫(HOT),20745,유자차,2074500,207450000,48,0.15,10.46,6,0.0,0.0,카페게이트
유자차_유자차,20745,유자차,2074500,207450000,39,0.05,7.96,7,0.0,0.0,청자다방
유자차_유자차 아이스(ICED),20745,유자차,2074500,207450000,43,0.0,10.7,12,0.0,0.0,달콤
유자차_유자차 아이스(ICED) (L),20745,유자차,2074500,207450000,47,0.1,10.22,7,0.02,0.0,아임일리터
유자차_유자차 아이스(ICED) (M),20745,유자차,2074500,207450000,50,0.1,10.91,11,0.02,0.0,아임일리터
유자차_유자차 핫(HOT),20745,유자차,2074500,207450000,43,0.0,10.7,12,0.0,0.0,달콤
유자차_유자차 핫(HOT) (L),20745,유자차,2074500,207450000,47,0.1,10.22,7,0.02,0.0,아임일리터
유자차_유자차 핫(HOT) (M),20745,유자차,2074500,207450000,50,0.1,10.91,7,0.02,0.0,아임일리터
자몽차_자몽 네이블 오렌지 아이스(ICED),20746,자몽차,2074600,207460000,49,0.15,11.07,1,0.0,0.0,이디야
자몽차_자몽 네이블 오렌지 핫(HOT),20746,자몽차,2074600,207460000,47,0.1,10.49,1,0.01,0.0,이디야
자몽차_자몽 네이블오렌지,20746,자몽차,2074600,207460000,59,0.0,13.04,4,0.0,0.0,이디야
자몽차_자몽차 아이스(ICED),20746,자몽차,2074600,207460000,42,0.06,8.24,13,0.0,0.0,메가커피
자몽차_자몽차 핫(HOT),20746,자몽차,2074600,207460000,50,0.07,9.83,14,0.0,0.0,메가커피
자몽차_자몽차,20746,자몽차,2074600,207460000,45,0.08,10.12,0,0.01,0.0,이디야
자몽차_자몽티 아이스(ICED),20746,자몽차,2074600,207460000,40,0.33,8.67,5,0.0,0.0,빽다방
자몽차_자몽티 아이스(ICED),20746,자몽차,2074600,207460000,41,0.0,10.12,0,0.0,0.0,토프레소
자몽차_자몽티 핫(HOT),20746,자몽차,2074600,207460000,70,0.25,16.5,4,0.0,0.0,빽다방
자몽차_자몽티 핫(HOT),20746,자몽차,2074600,207460000,41,0.0,10.13,0,0.0,0.0,토프레소
자몽차_홍자몽차 아이스(ICED),20746,자몽차,2074600,207460000,38,0.28,9.04,2,0.0,0.0,할리스
자몽차_홍자몽차 핫(HOT),20746,자몽차,2074600,207460000,38,0.28,9.04,2,0.0,0.0,할리스
자몽차_꿀 자몽티 아이스(ICED),20746,자몽차,2074600,207460000,42,0.08,9.6,2,0.0,0.0,블루샥
자몽차_꿀 자몽티 핫(HOT),20746,자몽차,2074600,207460000,54,0.15,11.84,6,0.0,0.0,블루샥
자몽차_자몽차,20746,자몽차,2074600,207460000,30,0.13,6.53,1,0.0,0.0,청자다방
자몽차_자몽차 (L),20746,자몽차,2074600,207460000,30,0.14,7.09,1,0.0,0.0,커피:니
자몽차_자몽차 (R),20746,자몽차,2074600,207460000,26,0.13,6.13,1,0.0,0.0,커피:니
자몽차_자몽차 아이스(ICED) (L),20746,자몽차,2074600,207460000,22,0.12,5.12,3,0.01,0.0,아임일리터
자몽차_자몽차 아이스(ICED) (M),20746,자몽차,2074600,207460000,21,0.12,4.92,3,0.02,0.0,아임일리터
자몽차_자몽차 핫(HOT) (L),20746,자몽차,2074600,207460000,22,0.12,5.12,3,0.01,0.0,아임일리터
자몽차_자몽차 핫(HOT) (M),20746,자몽차,2074600,207460000,21,0.12,4.92,3,0.02,0.0,아임일리터
자몽차_자몽티 아이스(ICED),20746,자몽차,2074600,207460000,36,0.17,8.29,8,0.0,0.0,카페게이트
자몽차_자몽티 핫(HOT),20746,자몽차,2074600,207460000,49,0.31,11.38,12,0.0,0.0,카페게이트
커피_돌체 콜드브루 라떼 디카페인 아이스(ICED) (L),20748,커피,2074800,207480000,54,1.51,6.75,31,1.22,0.0,아임일리터
커피_돌체 콜드브루 라떼 디카페인 아이스(ICED) (M),20748,커피,2074800,207480000,50,1.44,6.11,29,1.17,0.0,아임일리터
커피_돌체 콜드브루 라떼 디카페인 핫(HOT) (L),20748,커피,2074800,207480000,58,1.67,7.02,33,1.34,0.0,아임일리터
커피_돌체 콜드브루 라떼 디카페인 핫(HOT) (M),20748,커피,2074800,207480000,61,1.95,6.95,37,1.56,0.0,아임일리터
커피_콜드브루 디카페인 아이스(ICED) (L),20748,커피,2074800,207480000,1,0.0,0.0,0,0.0,0.0,아임일리터
커피_콜드브루 디카페인 아이스(ICED) (M),20748,커피,2074800,207480000,1,0.0,0.0,0,0.0,0.0,아임일리터
커피_콜드브루 디카페인 핫(HOT) (L),20748,커피,2074800,207480000,1,0.0,0.0,0,0.0,0.0,아임일리터
커피_콜드브루 디카페인 핫(HOT) (M),20748,커피,2074800,207480000,1,0.0,0.0,0,0.0,0.0,아임일리터
커피_콜드브루 라떼 디카페인 아이스(ICED) (L),20748,커피,2074800,207480000,26,1.16,1.93,19,0.89,0.0,아임일리터
커피_콜드브루 라떼 디카페인 아이스(ICED) (M),20748,커피,2074800,207480000,26,1.15,1.91,19,0.88,0.0,아임일리터
커피_콜드브루 라떼 디카페인 핫(HOT) (L),20748,커피,2074800,207480000,29,1.32,2.2,22,1.01,0.0,아임일리터
커피_콜드브루 라떼 디카페인 핫(HOT) (M),20748,커피,2074800,207480000,37,1.66,2.76,28,1.27,0.0,아임일리터
코코아_플러피 판다 초콜릿 아이스(ICED) (Grande),20749,코코아,2074900,207490000,88,2.33,8.25,32,3.38,0.0,스타벅스
코코아_플러피 판다 핫 초콜릿 핫(HOT) (Grande),20749,코코아,2074900,207490000,99,2.54,10.15,34,3.59,0.0,스타벅스
탄산음료_유자 패션 피지오 (Tall),20751,탄산음료,2075100,207510000,41,0.0,10.14,1,0.0,0.0,스타벅스
탄산음료_패션 탱고티 레모네이드 피지오 (Tall),20751,탄산음료,2075100,207510000,18,0.0,4.79,0,0.0,0.0,스타벅스
허브차_그린루이보스 아이스(ICED),20752,허브차,2075200,207520000,2,0.0,0.0,1,0.0,0.0,이디야
허브차_그린루이보스 핫(HOT),20752,허브차,2075200,207520000,2,0.0,0.0,1,0.0,0.0,이디야
허브차_샤인히비스커스 아이스(ICED),20752,허브차,2075200,207520000,1,0.0,0.0,0,0.0,0.0,이디야
허브차_샤인히비스커스 핫(HOT),20752,허브차,2075200,207520000,1,0.0,0.0,0,0.0,0.0,이디야
허브차_스프링캐모마일 아이스(ICED),20752,허브차,2075200,207520000,2,0.0,0.0,0,0.0,0.0,이디야
허브차_스프링캐모마일 핫(HOT),20752,허브차,2075200,207520000,2,0.0,0.0,0,0.0,0.0,이디야
허브차_퓨어페퍼민트 아이스(ICED),20752,허브차,2075200,207520000,1,0.0,0.0,0,0.0,0.0,이디야
허브차_퓨어페퍼민트 핫(HOT),20752,허브차,2075200,207520000,1,0.0,0.0,0,0.0,0.0,이디야
허브차_레몬밤,20752,허브차,2075200,207520000,1,0.04,0.0,0,0.01,0.0,청자다방
허브차_캐모마일,20752,허브차,2075200,207520000,2,0.21,0.0,1,0.0,0.0,청자다방
허브차_캐모마일 아이스(ICED) (R),20752,허브차,2075200,207520000,3,0.1,0.01,4,0.01,0.0,커피:니
허브차_캐모마일 핫(HOT) (R),20752,허브차,2075200,207520000,2,0.06,0.0,2,0.0,0.0,커피:니
허브차_페퍼민트,20752,허브차,2075200,207520000,1,0.08,0.0,1,0.0,0.0,청자다방
허브차_페퍼민트 아이스(ICED) (R),20752,허브차,2075200,207520000,3,0.1,0.02,1,0.0,0.0,커피:니
허브차_페퍼민트 핫(HOT) (R),20752,허브차,2075200,207520000,2,0.06,0.01,1,0.0,0.0,커피:니
허브차_히비스커스 아이스(ICED) (R),20752,허브차,2075200,207520000,2,0.03,0.02,0,0.0,0.0,커피:니
허브차_히비스커스 핫(HOT) (R),20752,허브차,2075200,207520000,3,0.03,0.03,0,0.0,0.0,커피:니
홍차_얼그레이,20753,홍차,2075300,207530000,1,0.05,0.0,0,0.0,0.0,청자다방
홍차_얼그레이 아이스(ICED),20753,홍차,2075300,207530000,0,0.01,0.0,0,0.0,0.0,바나프레소
